entry_time,exit_time,side,entry_price,exit_price,reason,pnl_points,pnl_brl,equity_brl
2026-04-22 10:55:00,2026-04-22 12:30:00,short,206900,205829.81579959756,target,1060.1842004024365,210.83684008048732,210.83684008048732
2026-04-22 12:30:00,2026-04-22 18:20:00,short,205620,204514.300833101,target,1095.699166898994,217.9398333797988,428.77667346028613
2026-04-23 14:15:00,2026-04-24 10:30:00,short,203605,202241.02853174345,target,1353.9714682565536,269.59429365131075,698.3709671115969
2026-04-24 10:30:00,2026-04-24 16:30:00,short,202000,202912.05430291116,stop,-922.0543029111577,-185.61086058223154,512.7601065293653
2026-04-29 11:00:00,2026-04-29 15:40:00,short,197450,196763.8342853064,target,676.165714693605,134.033142938721,646.7932494680863
2026-04-29 15:40:00,2026-04-30 09:00:00,short,196000,196559.74112250973,stop,-569.7411225097312,-115.14822450194625,531.64502496614
2026-04-30 10:55:00,2026-04-30 16:25:00,long,197830,198632.10300806127,target,792.1030080612691,157.22060161225383,688.8656265783939
2026-05-04 13:45:00,2026-05-05 09:00:00,short,196550,196782.82586208993,stop,-242.8258620899287,-49.765172417985745,639.1004541604082
2026-05-07 10:30:00,2026-05-07 11:00:00,short,195800,194728.41519019674,target,1061.5848098032584,211.1169619606517,850.2174161210598
2026-05-07 11:00:00,2026-05-08 09:50:00,short,194425,195009.45613583003,stop,-594.456135830027,-120.09122716600542,730.1261889550544
2026-05-11 17:10:00,2026-05-12 09:20:00,short,192000,191203.3547426365,target,786.6452573635033,156.1290514727007,886.2552404277551
2026-05-12 09:20:00,2026-05-12 10:35:00,short,190910,191371.17327858187,stop,-471.1732785818749,-95.43465571637499,790.8205847113801
2026-05-12 12:30:00,2026-05-13 14:55:00,short,190220,188795.74858595256,target,1414.2514140474377,281.6502828094876,1072.4708675208676
2026-05-13 15:45:00,2026-05-14 09:05:00,short,186875,187448.19490043668,stop,-583.1949004366761,-117.83898008733523,954.6318874335324
2026-06-16 09:35:00,2026-06-17 09:00:00,short,177200,176224.6363090249,target,965.363690975093,191.87273819501863,1146.504625628551
2026-06-17 16:10:00,2026-06-17 16:20:00,short,176655,175870.43043257538,target,774.5695674246235,153.71391348492472,1300.2185391134756
2026-06-17 16:20:00,2026-06-18 09:00:00,short,175735,174791.30108046773,target,933.6989195322676,185.53978390645355,1485.758323019929
2026-06-18 10:40:00,2026-06-18 12:35:00,long,175960,175381.08436695137,stop,-588.9156330486294,-118.98312660972589,1366.7751964102033
2026-06-18 13:15:00,2026-06-18 14:00:00,short,174995,175252.69626509806,stop,-267.69626509805676,-54.739253019611354,1312.035943390592
2026-06-24 09:20:00,2026-06-24 10:10:00,short,176630,177100.64916805353,stop,-480.6491680535255,-97.32983361070511,1214.706109779887
2026-06-26 12:05:00,2026-06-26 15:00:00,long,179725,180458.77815559244,target,723.7781555924448,143.55563111848898,1358.2617408983758
2026-06-30 09:15:00,2026-06-30 10:05:00,short,178560,177619.00865536148,target,930.9913446385181,184.99826892770363,1543.2600098260796
2026-06-30 10:05:00,2026-06-30 10:40:00,short,177860,176817.88095263942,target,1032.119047360582,205.22380947211644,1748.483819298196
2026-06-30 10:40:00,2026-06-30 10:45:00,short,177035,177568.9593236231,stop,-543.9593236231012,-109.99186472462026,1638.4919545735759
2026-06-30 13:25:00,2026-06-30 13:35:00,long,178805,178542.6456421064,stop,-272.3543578936078,-55.67087157872157,1582.8210829948544
2026-07-01 09:15:00,2026-07-01 10:35:00,short,176415,176988.05874637386,stop,-583.058746373863,-117.8117492747726,1465.0093337200817
2026-07-01 11:15:00,2026-07-01 12:00:00,long,177965,177405.6019897761,stop,-569.3980102239002,-115.07960204478005,1349.9297316753016
2026-07-02 09:30:00,2026-07-02 10:00:00,long,179840,179185.272906857,stop,-664.7270931430103,-134.14541862860204,1215.7843130466995
2026-07-06 10:00:00,2026-07-06 10:10:00,short,178675,179006.4405908909,stop,-341.44059089091024,-69.48811817818205,1146.2961948685174
2026-07-06 10:25:00,2026-07-06 10:45:00,short,178440,178836.63859267643,stop,-406.6385926764342,-82.52771853528685,1063.7684763332306
2026-07-09 12:10:00,2026-07-09 12:15:00,long,178420,178105.24233439413,stop,-324.75766560586635,-66.15153312117327,997.6169432120573
2026-07-10 09:45:00,2026-07-10 09:55:00,long,181615,182530.3510513659,target,905.3510513658985,179.8702102731797,1177.487153485237
2026-07-10 09:55:00,2026-07-10 17:05:00,long,182070,183856.73034524816,target,1776.7303452481574,354.14606904963154,1531.6332225348685
2026-07-10 17:25:00,2026-07-13 09:00:00,long,184190,183985.84756449237,stop,-214.15243550762534,-44.030487101525075,1487.6027354333435
2026-07-14 16:05:00,2026-07-14 16:15:00,long,182350,182166.64326754483,stop,-193.35673245516955,-39.87134649103392,1447.7313889423096
2026-07-16 10:35:00,2026-07-16 11:00:00,short,179365,179917.64468610156,stop,-562.6446861015575,-113.7289372203115,1334.002451721998
2026-07-16 14:05:00,2026-07-16 17:30:00,short,179425,178886.36565516496,target,528.6343448350381,104.52686896700762,1438.5293206890058
2026-07-22 10:20:00,2026-07-22 10:40:00,long,179910,180933.36967515474,target,1013.3696751547395,201.47393503094793,1640.0032557199538
2026-07-22 10:40:00,2026-07-22 11:30:00,long,181385,180719.57420946078,stop,-675.4257905392151,-136.28515810784302,1503.7180976121108
2026-07-22 14:05:00,2026-07-22 14:30:00,long,181790,182206.80734679184,target,406.8073467918439,80.16146935836878,1583.8795669704796
2026-07-22 14:30:00,2026-07-22 15:50:00,long,182155,182635.86887270768,target,470.86887270768057,92.97377454153612,1676.8533415120157
2026-07-22 15:50:00,2026-07-23 09:00:00,long,182610,182431.42359840628,stop,-188.57640159371658,-38.91528031874332,1637.9380611932725
2026-07-24 10:30:00,2026-07-24 11:00:00,short,179730,180193.54850357625,stop,-473.548503576254,-95.9097007152508,1542.0283604780216
2026-07-24 14:50:00,2026-07-24 15:55:00,short,178980,179142.00987170578,stop,-172.00987170578446,-35.6019743411569,1506.4263861368647
2026-07-24 17:30:00,2026-07-27 09:00:00,short,178590,178715.72194631936,stop,-135.72194631936145,-28.34438926387229,1478.0819968729925
2026-07-27 17:10:00,2026-07-28 09:00:00,long,180380,180738.9561542036,target,348.95615420359536,68.59123084071908,1546.6732277137116
2026-07-28 09:15:00,2026-07-28 10:15:00,long,182830,182263.23366822282,stop,-576.7663317771803,-116.55326635543607,1430.1199613582755
2026-07-29 10:50:00,2026-07-29 14:35:00,short,179750,178880.811421462,target,859.1885785379854,170.63771570759712,1600.7576770658727
2026-07-29 17:45:00,2026-07-30 09:00:00,short,177900,178118.0355476795,stop,-228.0355476794939,-46.80710953589879,1553.950567529974
2026-07-30 13:55:00,2026-07-30 15:50:00,long,180510,180874.28685127798,target,354.28685127798235,69.65737025559648,1623.6079377855706
2026-07-30 16:05:00,2026-07-30 16:20:00,long,181010,181318.56895374606,target,298.56895374605665,58.51379074921133,1682.1217285347818
2026-07-30 16:20:00,2026-07-30 17:05:00,long,181320,181696.86696040892,target,366.86696040892275,72.17339208178456,1754.2951206165665
2026-07-30 17:05:00,2026-07-30 18:10:00,long,181785,181572.01772068013,stop,-222.98227931986912,-45.79645586397383,1708.4986647525927
2026-08-04 09:15:00,2026-08-04 10:00:00,long,184300,185257.74467253953,target,947.7446725395275,188.34893450790554,1896.8475992604983
2026-08-05 09:50:00,2026-08-05 10:00:00,long,183455,183083.92942162487,stop,-381.07057837513275,-77.41411567502655,1819.4334835854718
2026-08-05 12:45:00,2026-08-05 16:45:00,short,182560,181918.22720047334,target,631.7727995266614,125.15455990533228,1944.588043490804
2026-08-05 16:55:00,2026-08-05 17:05:00,short,181790,181964.15018634338,stop,-184.15018634338048,-38.030037268676104,1906.558006222128
2026-08-06 09:15:00,2026-08-06 10:10:00,short,180450,180948.76600172106,stop,-508.7660017210583,-102.95320034421167,1803.6048058779163
2026-08-06 13:45:00,2026-08-06 14:50:00,short,179945,180161.56847783527,stop,-226.56847783527337,-46.51369556705468,1757.0911103108617
2026-08-06 17:15:00,2026-08-07 09:00:00,short,179365,179541.82732178285,stop,-186.8273217828537,-38.56546435657074,1718.525645954291
2026-08-07 11:20:00,2026-08-07 12:05:00,short,177555,176659.04595382445,target,885.9540461755532,175.99080923511067,1894.5164551894015
2026-08-07 12:05:00,2026-08-07 12:20:00,short,176400,176781.99115829892,stop,-391.99115829891525,-79.59823165978305,1814.9182235296184
2026-08-10 11:00:00,2026-08-10 11:30:00,short,175275,175782.8407362899,stop,-517.840736289887,-104.7681472579774,1710.150076271641
2026-08-11 11:35:00,2026-08-11 12:10:00,short,173930,173096.52570072017,target,823.4742992798274,163.4948598559655,1873.6449361276063
2026-08-11 12:10:00,2026-08-11 13:00:00,short,173040,172236.3323003059,target,793.6676996941096,157.53353993882195,2031.1784760664282
2026-08-11 13:50:00,2026-08-11 14:10:00,short,172000,171508.95693540346,target,481.0430645965389,95.00861291930778,2126.187088985736
2026-08-11 14:10:00,2026-08-12 09:00:00,short,171500,171784.54410832535,stop,-294.5441083253536,-60.10882166507072,2066.0782673206654
2026-08-12 17:40:00,2026-08-13 09:00:00,short,170450,170657.31031866037,stop,-217.31031866036938,-44.66206373207388,2021.4162035885915
2026-08-13 09:15:00,2026-08-13 09:30:00,short,169490,169960.629745457,stop,-480.62974545700126,-97.32594909140026,1924.0902544971914
2026-08-13 12:15:00,2026-08-13 13:55:00,short,169945,170307.3824783832,stop,-372.3824783831951,-75.67649567663904,1848.4137588205524
2026-08-14 16:20:00,2026-08-14 16:30:00,long,169090,169570.96894417846,target,470.9689441784576,92.99378883569152,1941.4075476562439
2026-08-14 16:30:00,2026-08-14 16:40:00,long,169570,169264.03610763076,stop,-315.96389236924006,-64.39277847384801,1877.0147691823959
2026-08-14 16:45:00,2026-08-17 09:00:00,long,169795,170579.91121276162,target,774.9112127616245,153.78224255232493,2030.7970117347209
2026-08-18 10:40:00,2026-08-18 11:15:00,long,171180,170555.31144434374,stop,-634.6885556562629,-128.1377111312526,1902.6593006034682
2026-08-18 17:10:00,2026-08-18 17:55:00,short,169205,169404.73621238396,stop,-209.73621238395572,-43.14724247679115,1859.512058126677
2026-08-19 09:30:00,2026-08-19 10:05:00,long,170995,172219.28332858585,target,1214.2833285858505,241.65666571717014,2101.168723843847
2026-08-19 10:05:00,2026-08-19 12:45:00,long,172140,171431.35621157286,stop,-718.6437884271436,-144.9287576854287,1956.2399661584184
2026-08-19 12:45:00,2026-08-19 16:00:00,short,171340,170591.667909566,target,738.3320904340071,146.46641808680144,2102.70638424522
2026-08-20 11:50:00,2026-08-20 12:40:00,long,172065,171479.86030136354,stop,-595.1396986364562,-120.22793972729124,1982.4784445179287
2026-08-20 13:50:00,2026-08-21 09:00:00,short,170780,171078.761889708,stop,-308.7618897079956,-62.952377941599124,1919.5260665763296
2026-08-24 10:50:00,2026-08-25 12:55:00,long,174350,176192.9644911522,target,1832.9644911522046,365.39289823044095,2284.9189648067704
2026-08-25 12:55:00,2026-08-25 16:10:00,long,176220,177113.74406734807,target,883.7440673480742,175.54881346961486,2460.467778276385
2026-08-25 16:25:00,2026-08-26 09:00:00,long,177385,178026.2704144019,target,631.2704144018935,125.0540828803787,2585.521861156764
2026-08-27 13:35:00,2026-08-28 09:00:00,long,177780,177505.1611814441,stop,-284.8388185559015,-58.167763711180314,2527.3540974455836
2026-08-28 16:30:00,2026-08-28 17:40:00,long,178235,177971.27450896852,stop,-273.7254910314805,-55.9450982062961,2471.4089992392874
2026-08-31 10:05:00,2026-08-31 10:50:00,long,180785,180108.78075992718,stop,-686.2192400728236,-138.4438480145647,2332.965151224723
2026-09-01 09:50:00,2026-09-01 10:10:00,long,181145,180588.45729015197,stop,-566.5427098480286,-114.50854196960573,2218.456609255117
2026-09-02 10:50:00,2026-09-02 11:20:00,long,185740,187513.20620080852,target,1763.2062008085195,351.44124016170394,2569.8978494168214
2026-09-02 11:20:00,2026-09-03 09:00:00,long,187550,189183.94209263482,target,1623.9420926348248,323.588418526965,2893.4862679437865
2026-09-03 09:35:00,2026-09-03 11:05:00,long,190590,189857.57987536752,stop,-742.420124632481,-149.6840249264962,2743.8022430172905
2026-09-03 12:10:00,2026-09-03 13:30:00,short,188500,187449.7157595849,target,1040.284240415087,206.8568480830174,2950.6590911003077
2026-09-03 13:30:00,2026-09-03 16:30:00,short,187420,187799.17554613948,stop,-389.1755461394787,-79.03510922789575,2871.623981872412
2026-09-04 10:25:00,2026-09-04 10:40:00,short,185710,186511.0578201134,stop,-811.0578201134049,-163.41156402268098,2708.212417849731
2026-09-04 12:45:00,2026-09-04 14:05:00,long,188660,188267.9946602752,stop,-402.0053397247975,-81.60106794495951,2626.6113499047715
2026-09-04 16:30:00,2026-09-04 17:05:00,short,187115,187390.64578531627,stop,-285.64578531627194,-58.32915706325439,2568.282192841517
2026-09-08 13:20:00,2026-09-08 14:20:00,short,189770,190162.57325432883,stop,-402.57325432883226,-81.71465086576646,2486.5675419757504
2026-09-08 15:25:00,2026-09-08 15:45:00,long,190865,190533.40159078676,stop,-341.5984092132421,-69.51968184264842,2417.047860133102
2026-09-09 17:25:00,2026-09-09 18:00:00,long,188315,188809.26163246523,target,484.26163246523356,95.65232649304671,2512.7001866261485
2026-09-10 11:45:00,2026-09-11 09:00:00,long,189790,191152.1660982125,target,1352.1660982125031,269.23321964250067,2781.9334062686494
